"DCIp","DCId"
97.5973238898484,96.248061641492
