"DCIp","DCId"
18.9987342525682,25.5963054742059
