"DCIp","DCId"
36.8480869682665,50.6901354944916
