"DCIp","DCId"
16.0473775231327,25.5938837576031
