"DCIp","DCId"
33.7858887095505,45.1662684189566
