"DCIp","DCId"
26.2570796703119,1.39261847356881
