"DCIp","DCId"
43.7460060530215,0.527719934723294
