"DCIp","DCId"
35.6709489561057,48.4647961884595
