"DCIp","DCId"
78.5740559330934,88.1392205451678
