ObID,BarrierID,Quantity,BarrierPerm,NaturalYN
1,Sink,378.689999999999998,0.000000000000000,F
2,5949,677.889999999999986,0.980000000000000,F
3,5953,563.620000000000005,0.980000000000000,F
4,5959,3026.670000000000073,0.970000000000000,F