ObID,BarrierID,Quantity,BarrierPerm,NaturalYN
1,Sink,100.000000000000000,0.000000000000000,F
2,5,300.000000000000000,0.500000000000000,F
3,6,100.000000000000000,0.500000000000000,F
4,7,100.000000000000000,0.500000000000000,F