ObID,BarrierID,Quantity,BarrierPerm,NaturalYN
1,Sink,30.710000000000001,0.000000000000000,F
2,31,8.699999999999999,0.800000000000000,F
3,34,15.880000000000001,0.000000000000000,F
4,36,4.720000000000000,0.500000000000000,F
5,43,13.529999999999999,0.200000000000000,F
6,45,5.430000000000000,0.500000000000000,F