"DCIp","DCId"
14.936705032774,22.1095947757176
