"DCIp","DCId"
22.6766226957412,31.2325083198388
