"DCIp","DCId"
20.0273023277836,32.306920063204
