"DCIp","DCId"
46.6871330566295,8.14935644853417
