"DCIp","DCId"
78.581176561698,88.1437260644289
