ObID,BarrierID,Quantity,BarrierPerm,NaturalYN
1,Sink,5.000000000000000,0.000000000000000,F
2,3,2.000000000000000,0.500000000000000,F
3,4,3.000000000000000,0.500000000000000,F